                  epoch,         train/box_loss,         train/cls_loss,         train/dfl_loss,   metrics/precision(B),      metrics/recall(B),       metrics/mAP50(B),    metrics/mAP50-95(B),           val/box_loss,           val/cls_loss,           val/dfl_loss,                 lr/pg0,                 lr/pg1,                 lr/pg2
                      1,                0.98611,                 3.3909,                0.94124,                0.39113,                0.66311,                0.49206,                0.41759,                0.59179,                 1.5951,                0.85772,              0.0033308,              0.0033308,              0.0033308
                      2,                0.79614,                 1.6479,                0.90049,                 0.9345,                0.92893,                0.98072,                0.85488,                0.55312,                0.63896,                0.84571,              0.0065982,              0.0065982,              0.0065982
                      3,                0.75721,                 1.1155,                 0.8925,                0.97118,                0.97676,                0.99134,                0.87809,                0.50631,                0.48456,                 0.8354,              0.0097995,              0.0097995,              0.0097995
                      4,                0.69332,                0.86687,                0.87822,                 0.9913,                0.99266,                0.99441,                0.90222,                0.44915,                0.38246,                0.81987,               0.009703,               0.009703,               0.009703
                      5,                 0.6274,                0.67368,                0.86163,                0.99266,                0.99662,                0.99471,                0.90827,                0.42881,                0.32104,                0.81267,               0.009703,               0.009703,               0.009703
                      6,                0.58516,                0.57278,                0.85169,                0.99572,                0.99675,                0.99477,                0.92384,                 0.3911,                0.28497,                0.80252,               0.009604,               0.009604,               0.009604
                      7,                0.55932,                0.51555,                0.84256,                0.99598,                 0.9968,                0.99494,                0.92377,                0.39753,                0.27222,                0.80108,               0.009505,               0.009505,               0.009505
                      8,                0.53877,                0.48363,                0.83901,                0.99725,                0.99786,                0.99491,                0.93345,                0.36698,                0.24543,                0.79559,               0.009406,               0.009406,               0.009406
                      9,                0.52071,                0.45773,                0.83414,                0.99636,                0.99736,                0.99488,                0.93802,                0.35819,                0.23431,                0.79219,               0.009307,               0.009307,               0.009307
                     10,                0.51193,                0.43677,                 0.8315,                0.99788,                0.99947,                  0.995,                0.94397,                0.34291,                0.22129,                0.79013,               0.009208,               0.009208,               0.009208
                     11,                 0.4983,                0.42114,                0.82891,                0.99705,                0.99901,                0.99496,                0.94797,                0.33395,                 0.2126,                0.78827,               0.009109,               0.009109,               0.009109
                     12,                0.48899,                0.40777,                0.82661,                0.99755,                0.99856,                  0.995,                0.95119,                0.32813,                0.20437,                0.78647,                0.00901,                0.00901,                0.00901
                     13,                0.47935,                0.39681,                0.82416,                0.99861,                0.99965,                  0.995,                0.95196,                0.32246,                0.19969,                0.78512,               0.008911,               0.008911,               0.008911
                     14,                0.47253,                0.38939,                0.82284,                0.99818,                0.99944,                  0.995,                0.95427,                0.31906,                0.19584,                0.78419,               0.008812,               0.008812,               0.008812
                     15,                0.46807,                0.38204,                0.82126,                0.99832,                0.99943,                  0.995,                  0.955,                0.31663,                0.19153,                0.78366,               0.008713,               0.008713,               0.008713
                     16,                0.46267,                0.37615,                0.81996,                 0.9987,                0.99953,                  0.995,                0.95781,                0.31165,                0.18674,                0.78253,               0.008614,               0.008614,               0.008614
                     17,                0.45713,                0.36957,                0.81908,                0.99915,                0.99989,                  0.995,                0.95951,                 0.3087,                0.18342,                0.78233,               0.008515,               0.008515,               0.008515
                     18,                0.45463,                0.36398,                0.81797,                0.99909,                0.99982,                  0.995,                0.96004,                0.30603,                0.18166,                0.78141,               0.008416,               0.008416,               0.008416
                     19,                0.44899,                0.36058,                0.81711,                0.99917,                0.99952,                  0.995,                0.96094,                0.30185,                0.17901,                0.78044,               0.008317,               0.008317,               0.008317
                     20,                0.44385,                0.35352,                0.81575,                0.99935,                      1,                  0.995,                0.96214,                0.29941,                0.17566,                0.77992,               0.008218,               0.008218,               0.008218
                     21,                0.44052,                0.34936,                 0.8154,                0.99917,                0.99988,                  0.995,                0.96283,                0.29586,                0.17297,                0.77949,               0.008119,               0.008119,               0.008119
                     22,                 0.4391,                0.34628,                0.81421,                 0.9991,                      1,                  0.995,                0.96397,                0.29489,                0.17224,                0.77906,                0.00802,                0.00802,                0.00802
                     23,                0.43354,                0.33859,                0.81308,                0.99923,                      1,                  0.995,                0.96531,                0.29258,                0.16966,                0.77858,               0.007921,               0.007921,               0.007921
                     24,                0.43112,                0.33761,                0.81307,                0.99916,                      1,                  0.995,                0.96577,                0.29046,                0.16781,                0.77813,               0.007822,               0.007822,               0.007822
                     25,                0.42778,                0.33374,                0.81256,                0.99928,                0.99993,                  0.995,                0.96713,                0.29057,                0.16576,                0.77803,               0.007723,               0.007723,               0.007723
                     26,                0.42578,                0.33314,                0.81244,                 0.9992,                0.99989,                  0.995,                0.96735,                0.28862,                0.16536,                0.77765,               0.007624,               0.007624,               0.007624
                     27,                 0.4237,                0.32936,                0.81133,                0.99922,                0.99978,                  0.995,                0.96691,                0.28803,                0.16394,                0.77744,               0.007525,               0.007525,               0.007525
                     28,                0.42145,                0.32443,                0.81019,                 0.9993,                      1,                  0.995,                0.96784,                0.28649,                0.16263,                 0.7772,               0.007426,               0.007426,               0.007426
                     29,                  0.418,                0.32326,                0.81014,                0.99915,                      1,                  0.995,                0.96908,                0.28522,                0.16184,                  0.777,               0.007327,               0.007327,               0.007327
                     30,                0.41633,                0.32174,                0.80947,                0.99929,                      1,                  0.995,                0.96938,                0.28447,                0.16129,                0.77676,               0.007228,               0.007228,               0.007228
                     31,                0.41459,                0.31744,                0.80928,                0.99932,                      1,                  0.995,                0.96949,                0.28368,                0.15996,                0.77663,               0.007129,               0.007129,               0.007129
                     32,                0.41175,                0.31745,                0.80867,                0.99937,                      1,                  0.995,                0.97075,                0.28198,                0.15827,                0.77626,                0.00703,                0.00703,                0.00703
                     33,                0.40988,                0.31149,                0.80866,                0.99931,                0.99994,                  0.995,                0.97059,                0.28151,                0.15785,                0.77621,               0.006931,               0.006931,               0.006931
                     34,                0.40923,                0.31304,                 0.8072,                0.99941,                      1,                  0.995,                0.97133,                0.28056,                0.15748,                0.77585,               0.006832,               0.006832,               0.006832
                     35,                0.40762,                0.30999,                0.80807,                0.99942,                0.99993,                  0.995,                0.97162,                0.27927,                 0.1562,                0.77569,               0.006733,               0.006733,               0.006733
                     36,                 0.4052,                0.30661,                0.80725,                0.99941,                0.99995,                  0.995,                0.97205,                0.27869,                0.15612,                0.77556,               0.006634,               0.006634,               0.006634
                     37,                 0.4048,                0.30902,                0.80694,                0.99937,                0.99998,                  0.995,                0.97238,                0.27791,                0.15486,                0.77538,               0.006535,               0.006535,               0.006535
                     38,                0.40194,                0.30565,                0.80663,                0.99939,                0.99998,                  0.995,                0.97202,                0.27733,                0.15395,                 0.7752,               0.006436,               0.006436,               0.006436
                     39,                0.39948,                0.30281,                0.80596,                 0.9994,                0.99999,                  0.995,                 0.9724,                0.27678,                0.15338,                0.77515,               0.006337,               0.006337,               0.006337
                     40,                0.39809,                0.30137,                0.80647,                 0.9994,                      1,                  0.995,                0.97253,                0.27628,                0.15302,                0.77503,               0.006238,               0.006238,               0.006238
                     41,                0.39634,                 0.2992,                0.80529,                0.99941,                      1,                  0.995,                0.97242,                0.27557,                0.15193,                 0.7749,               0.006139,               0.006139,               0.006139
                     42,                0.39667,                0.29912,                0.80506,                0.99944,                      1,                  0.995,                0.97242,                0.27535,                0.15154,                0.77483,                0.00604,                0.00604,                0.00604
                     43,                 0.3944,                0.29539,                0.80432,                0.99945,                      1,                  0.995,                 0.9726,                 0.2748,                0.15173,                0.77474,               0.005941,               0.005941,               0.005941
                     44,                0.39272,                0.29537,                0.80484,                0.99944,                      1,                  0.995,                0.97311,                0.27457,                0.15127,                0.77465,               0.005842,               0.005842,               0.005842
                     45,                0.39205,                0.29318,                0.80409,                0.99944,                      1,                  0.995,                0.97309,                0.27437,                0.15072,                0.77454,               0.005743,               0.005743,               0.005743
                     46,                 0.3904,                0.29174,                0.80372,                0.99944,                      1,                  0.995,                0.97303,                0.27415,                0.15061,                0.77443,               0.005644,               0.005644,               0.005644
                     47,                0.38792,                0.28918,                0.80425,                0.99944,                      1,                  0.995,                0.97363,                0.27395,                0.15044,                0.77443,               0.005545,               0.005545,               0.005545
                     48,                0.38765,                0.28854,                0.80334,                0.99946,                      1,                  0.995,                0.97354,                0.27376,                0.14987,                0.77441,               0.005446,               0.005446,               0.005446
                     49,                 0.3859,                0.28516,                 0.8032,                0.99946,                      1,                  0.995,                0.97386,                 0.2736,                0.14992,                0.77433,               0.005347,               0.005347,               0.005347
                     50,                0.38548,                0.28575,                0.80244,                0.99947,                      1,                  0.995,                0.97386,                0.27345,                0.14958,                0.77427,               0.005248,               0.005248,               0.005248
                     51,                0.38261,                0.28411,                0.80214,                0.99946,                      1,                  0.995,                0.97423,                0.27322,                0.14961,                 0.7742,               0.005149,               0.005149,               0.005149
                     52,                0.38116,                0.28083,                0.80222,                0.99946,                      1,                  0.995,                0.97441,                0.27308,                0.14928,                0.77417,                0.00505,                0.00505,                0.00505
                     53,                0.38141,                0.28104,                0.80282,                0.99946,                      1,                  0.995,                0.97447,                0.27287,                0.14881,                0.77414,               0.004951,               0.004951,               0.004951
                     54,                0.38026,                0.28031,                0.80155,                0.99944,                      1,                  0.995,                0.97453,                0.27268,                0.14888,                0.77408,               0.004852,               0.004852,               0.004852
                     55,                0.37859,                 0.2771,                 0.8023,                0.99945,                      1,                  0.995,                0.97458,                0.27249,                0.14843,                0.77404,               0.004753,               0.004753,               0.004753
                     56,                0.37666,                0.27608,                0.80204,                0.99946,                      1,                  0.995,                0.97457,                0.27224,                0.14832,                0.77399,               0.004654,               0.004654,               0.004654
                     57,                0.37387,                0.27353,                 0.8006,                0.99947,                      1,                  0.995,                0.97463,                0.27206,                0.14797,                0.77395,               0.004555,               0.004555,               0.004555
                     58,                 0.3737,                0.27242,                0.80118,                0.99947,                      1,                  0.995,                0.97451,                0.27189,                0.14774,                0.77393,               0.004456,               0.004456,               0.004456
                     59,                0.37356,                0.27442,                0.80018,                0.99947,                      1,                  0.995,                0.97465,                0.27177,                0.14748,                0.77387,               0.004357,               0.004357,               0.004357
                     60,                0.37229,                0.27212,                0.80129,                0.99948,                      1,                  0.995,                0.97491,                0.27154,                0.14725,                0.77386,               0.004258,               0.004258,               0.004258
                     61,                0.37134,                0.26947,                0.80062,                0.99948,                      1,                  0.995,                0.97484,                0.27138,                0.14731,                 0.7738,               0.004159,               0.004159,               0.004159
                     62,                0.36991,                 0.2696,                0.80035,                0.99948,                      1,                  0.995,                0.97503,                0.27122,                 0.1471,                0.77378,                0.00406,                0.00406,                0.00406
                     63,                0.36954,                0.26754,                0.80035,                0.99948,                      1,                  0.995,                0.97523,                0.27111,                0.14701,                0.77374,               0.003961,               0.003961,               0.003961
                     64,                0.36776,                0.26644,                0.79969,                0.99948,                      1,                  0.995,                0.97521,                  0.271,                0.14688,                0.77372,               0.003862,               0.003862,               0.003862
                     65,                0.36594,                0.26532,                0.79973,                0.99949,                      1,                  0.995,                 0.9751,                0.27084,                0.14685,                0.77369,               0.003763,               0.003763,               0.003763
                     66,                 0.3657,                0.26479,                0.79967,                0.99949,                      1,                  0.995,                0.97534,                0.27068,                0.14654,                0.77366,               0.003664,               0.003664,               0.003664
                     67,                0.36341,                0.26224,                0.79867,                0.99949,                      1,                  0.995,                0.97544,                 0.2705,                0.14649,                0.77363,               0.003565,               0.003565,               0.003565
                     68,                0.36392,                 0.2623,                0.79841,                0.99949,                      1,                  0.995,                0.97552,                0.27038,                0.14602,                0.77359,               0.003466,               0.003466,               0.003466
                     69,                0.36095,                0.25752,                0.79877,                0.99949,                      1,                  0.995,                0.97578,                0.27027,                 0.1462,                0.77356,               0.003367,               0.003367,               0.003367
                     70,                0.36088,                0.25795,                0.79793,                0.99949,                      1,                  0.995,                0.97578,                0.27017,                0.14619,                 0.7735,               0.003268,               0.003268,               0.003268
                     71,                0.35893,                0.25681,                0.79855,                0.99951,                      1,                  0.995,                0.97566,                 0.2699,                 0.1459,                0.77348,               0.003169,               0.003169,               0.003169
                     72,                0.35777,                 0.2558,                0.79742,                0.99951,                      1,                  0.995,                 0.9757,                0.26968,                0.14586,                0.77344,                0.00307,                0.00307,                0.00307
                     73,                0.35643,                0.25463,                0.79736,                0.99951,                      1,                  0.995,                0.97598,                0.26951,                0.14573,                 0.7734,               0.002971,               0.002971,               0.002971
                     74,                0.35614,                0.25312,                0.79771,                0.99951,                      1,                  0.995,                0.97592,                0.26927,                0.14559,                0.77335,               0.002872,               0.002872,               0.002872
                     75,                0.35384,                0.25082,                0.79689,                0.99951,                      1,                  0.995,                0.97587,                0.26909,                0.14542,                0.77333,               0.002773,               0.002773,               0.002773
                     76,                0.35329,                0.25079,                0.79673,                0.99951,                      1,                  0.995,                0.97594,                0.26908,                0.14531,                0.77329,               0.002674,               0.002674,               0.002674
                     77,                0.35254,                0.25021,                0.79751,                0.99952,                      1,                  0.995,                 0.9761,                0.26884,                0.14516,                0.77325,               0.002575,               0.002575,               0.002575
                     78,                0.35123,                0.24756,                0.79729,                0.99952,                      1,                  0.995,                 0.9763,                0.26863,                  0.145,                0.77322,               0.002476,               0.002476,               0.002476
                     79,                0.34965,                0.24579,                0.79539,                0.99951,                      1,                  0.995,                0.97632,                0.26857,                  0.145,                0.77317,               0.002377,               0.002377,               0.002377
                     80,                0.34824,                0.24539,                0.79598,                0.99951,                      1,                  0.995,                0.97633,                0.26842,                0.14483,                0.77313,               0.002278,               0.002278,               0.002278
                     81,                0.34758,                0.24357,                0.79518,                0.99951,                      1,                  0.995,                0.97636,                0.26837,                0.14466,                 0.7731,               0.002179,               0.002179,               0.002179
                     82,                0.34613,                0.24245,                0.79467,                0.99951,                      1,                  0.995,                0.97629,                0.26812,                0.14472,                0.77308,                0.00208,                0.00208,                0.00208
                     83,                0.34425,                0.24084,                0.79518,                0.99952,                      1,                  0.995,                 0.9763,                0.26816,                 0.1448,                0.77304,               0.001981,               0.001981,               0.001981
                     84,                0.34369,                0.24066,                0.79525,                0.99952,                      1,                  0.995,                 0.9763,                0.26802,                0.14465,                0.77301,               0.001882,               0.001882,               0.001882
                     85,                0.34104,                0.23803,                0.79509,                0.99952,                      1,                  0.995,                0.97617,                0.26795,                0.14474,                0.77297,               0.001783,               0.001783,               0.001783
                     86,                0.34057,                0.23503,                0.79363,                0.99952,                      1,                  0.995,                 0.9762,                0.26778,                0.14453,                0.77294,               0.001684,               0.001684,               0.001684
                     87,                0.33909,                0.23494,                0.79332,                0.99952,                      1,                  0.995,                0.97603,                0.26775,                0.14465,                0.77291,               0.001585,               0.001585,               0.001585
                     88,                0.33797,                0.23431,                0.79381,                0.99953,                      1,                  0.995,                 0.9762,                0.26762,                0.14428,                0.77289,               0.001486,               0.001486,               0.001486
                     89,                0.33606,                0.23056,                0.79299,                0.99953,                      1,                  0.995,                0.97623,                0.26749,                0.14415,                0.77286,               0.001387,               0.001387,               0.001387
                     90,                 0.3351,                0.23059,                0.79402,                0.99953,                      1,                  0.995,                0.97617,                0.26738,                0.14404,                0.77283,               0.001288,               0.001288,               0.001288
                     91,                0.30027,                0.17878,                0.78466,                0.99953,                      1,                  0.995,                0.97635,                0.26722,                0.14393,                0.77278,               0.001189,               0.001189,               0.001189
                     92,                 0.2968,                0.17617,                0.78397,                0.99953,                      1,                  0.995,                0.97609,                0.26706,                0.14361,                0.77274,                0.00109,                0.00109,                0.00109
                     93,                0.29561,                0.17472,                0.78502,                0.99953,                      1,                  0.995,                0.97633,                0.26702,                0.14374,                0.77269,               0.000991,               0.000991,               0.000991
                     94,                 0.2928,                0.17206,                0.78239,                0.99953,                      1,                  0.995,                0.97643,                0.26684,                0.14361,                0.77266,               0.000892,               0.000892,               0.000892
                     95,                0.29204,                0.17161,                 0.7827,                0.99953,                      1,                  0.995,                 0.9764,                0.26671,                 0.1437,                0.77263,               0.000793,               0.000793,               0.000793
                     96,                0.28974,                0.16881,                0.78227,                0.99954,                      1,                  0.995,                 0.9763,                 0.2665,                0.14359,                0.77259,               0.000694,               0.000694,               0.000694
                     97,                0.28892,                0.16868,                0.78212,                0.99953,                      1,                  0.995,                0.97647,                0.26639,                0.14348,                0.77255,               0.000595,               0.000595,               0.000595
                     98,                0.28656,                0.16638,                0.78243,                0.99953,                      1,                  0.995,                0.97648,                0.26631,                0.14343,                 0.7725,               0.000496,               0.000496,               0.000496
                     99,                0.28559,                 0.1657,                 0.7818,                0.99953,                      1,                  0.995,                0.97649,                 0.2662,                0.14319,                0.77246,               0.000397,               0.000397,               0.000397
                    100,                0.28353,                0.16375,                0.78074,                0.99953,                      1,                  0.995,                0.97668,                0.26599,                0.14305,                0.77242,               0.000298,               0.000298,               0.000298
